{
  "model": {
    "type":"minecraft:condition",
    "property": "minecraft:component",
    "predicate": "minecraft:custom_data",
    "value": "{fancyui:{}}",
    "on_false": {
      "type": "minecraft:model",
      "model": "minecraft:item/poisonous_potato"
    },
    "on_true": {
      "type": "minecraft:select",
      "fallback": {
        "type": "minecraft:model",
        "model": "fancyui:item/unknown"
      },
      "property": "minecraft:custom_model_data",
      "index": 0,
      "cases": [
        {
          "when": "background",
          "model": {
            "type": "minecraft:model",
            "model": "fancyui:item/background"
          }
        },
        {
          "when": "button",
          "model": {
            "type": "condition",
            "property": "custom_model_data",
            "index": 0,
            "on_true": {
              "type": "minecraft:model",
              "model": "fancyui:item/button/pressed"
            },
            "on_false": {
              "type": "minecraft:model",
              "model": "fancyui:item/button/depressed"
            }
          }
        }
      ]
    }
  }
}